{
    "tasks": {
        "arc_challenge": 53.92491467576792,
        "arc_easy": 75.58922558922558,
        "boolq": 85.68807339449542,
        "hellaswag": 79.81477793268273,
        "openbookqa": 48.4,
        "piqa": 81.17519042437432,
        "winogrande": 74.4277821625888
    },
    "average": 71.28856631130496
}