{
    "tasks": {
        "arc_challenge": 51.19453924914675,
        "arc_easy": 78.24074074074075,
        "boolq": 78.80733944954127,
        "hellaswag": 78.65962955586537,
        "openbookqa": 47.599999999999994,
        "piqa": 79.92383025027203,
        "winogrande": 68.42936069455406
    },
    "average": 68.97934856287432
}