{
    "benchmarks": {
        "cot": 0.1708151840503771,
        "human-eval-plus": 0.15040650406504064,
        "lm-evaluation-harness": 68.97934856287432,
        "mt-bench": 5.55625
    },
    "total": 49.54894176794923
}