{
    "benchmarks": {
        "cot": 0.6417610060281533,
        "human-eval-plus": 0.39634146341463417,
        "mt-bench": 7.11875
    }
}