{
    "tasks": {
        "arc_challenge": 50.93856655290102,
        "arc_easy": 72.64309764309765,
        "boolq": 86.23853211009175,
        "hellaswag": 79.14758016331407,
        "openbookqa": 46.400000000000006,
        "piqa": 79.86942328618063,
        "winogrande": 73.79636937647987
    },
    "average": 69.86193844743786
}