{
    "benchmarks": {
        "cot": 0.6122433090450905,
        "human-eval-plus": 0.4146341463414634
    }
}