{
    "tasks": {
        "arc_challenge": 48.54948805460751,
        "arc_easy": 73.27441077441077,
        "boolq": 83.88379204892966,
        "hellaswag": 75.64230233021311,
        "openbookqa": 44.2,
        "piqa": 78.23721436343853,
        "winogrande": 71.50749802683505
    },
    "average": 67.89924365691924
}