{
    "benchmarks": {
        "cot": 0.33114277005310255,
        "human-eval-plus": 0.30487804878048774,
        "mt-bench": 4.871875
    }
}