{
    "benchmarks": {
        "cot": 0.6068610710356899,
        "human-eval-plus": 0.40650406504065034
    }
}