{
    "benchmarks": {
        "cot": 0.6068610710356899,
        "human-eval-plus": 0.40650406504065034,
        "mt-bench": 7.440625000000001
    }
}