{
    "benchmarks": {
        "cot": 0.4089271557257307,
        "human-eval-plus": 0.3252032520325203
    }
}