{
    "benchmarks": {
        "cot": 0.33222414512475007,
        "human-eval-plus": 0.25203252032520324,
        "mt-bench": 6.30625
    }
}