{
    "benchmarks": {
        "cot": 0.274187255846872,
        "human-eval-plus": 0.3231707317073171,
        "mt-bench": 5.4
    }
}