{
    "tasks": {
        "arc_challenge": 55.37542662116041,
        "arc_easy": 78.82996632996633,
        "boolq": 85.41284403669724,
        "hellaswag": 80.36247759410476,
        "openbookqa": 48.0,
        "piqa": 81.50163220892274,
        "winogrande": 73.8752959747435
    },
    "average": 71.90823468079928
}