{
    "benchmarks": {
        "cot": 0.23458875389610762,
        "human-eval-plus": 0.2073170731707317,
        "mt-bench": 5.815625
    }
}