{
    "results": {
        "openbookqa": {
            "acc": 0.338,
            "acc_stderr": 0.02117566569520941,
            "acc_norm": 0.442,
            "acc_norm_stderr": 0.02223197069632112
        },
        "arc_easy": {
            "acc": 0.8215488215488216,
            "acc_stderr": 0.0078567799848771,
            "acc_norm": 0.7533670033670034,
            "acc_norm_stderr": 0.0088449845819349
        },
        "winogrande": {
            "acc": 0.744277821625888,
            "acc_stderr": 0.012261253845440473
        },
        "hellaswag": {
            "acc": 0.6004779924317865,
            "acc_stderr": 0.004887991225950287,
            "acc_norm": 0.7964548894642501,
            "acc_norm_stderr": 0.004018115765954253
        },
        "arc_challenge": {
            "acc": 0.5119453924914675,
            "acc_stderr": 0.014607220340597167,
            "acc_norm": 0.5366894197952219,
            "acc_norm_stderr": 0.014572000527756986
        },
        "piqa": {
            "acc": 0.8003264417845484,
            "acc_stderr": 0.009326942154519175,
            "acc_norm": 0.8041349292709467,
            "acc_norm_stderr": 0.009259518041395768
        },
        "boolq": {
            "acc": 0.8590214067278288,
            "acc_stderr": 0.0060865489533788765
        }
    },
    "versions": {
        "openbookqa": 0,
        "arc_easy": 0,
        "winogrande": 0,
        "hellaswag": 0,
        "arc_challenge": 0,
        "piqa": 0,
        "boolq": 1
    },
    "config": {
        "model": "hf-causal-experimental",
        "model_args": "pretrained=OpenAssistant/llama2_13b_orcacode2_8k,dtype=float16,trust_remote_code=True,use_accelerate=True,tokenizer=OpenAssistant/llama2_13b_orcacode2_8k",
        "num_fewshot": 0,
        "batch_size": null,
        "batch_sizes": [],
        "device": null,
        "no_cache": false,
        "limit": null,
        "bootstrap_iters": 100000,
        "description_dict": null
    }
}