{
    "tasks": {
        "openbookqa": 44.2,
        "arc_easy": 75.33670033670033,
        "winogrande": 74.4277821625888,
        "hellaswag": 79.64548894642502,
        "arc_challenge": 53.66894197952219,
        "piqa": 80.41349292709467,
        "boolq": 85.90214067278288
    },
    "average": 70.51350671787341
}