{
    "benchmarks": {
        "cot": 0.6399249545124104,
        "human-eval-plus": 0.4146341463414634,
        "mt-bench": 7.284375
    }
}