{
    "tasks": {
        "openbookqa": 43.8,
        "arc_easy": 76.97811447811448,
        "winogrande": 72.37569060773481,
        "hellaswag": 79.61561441943836,
        "arc_challenge": 53.66894197952219,
        "piqa": 80.7943416757345,
        "boolq": 85.16819571865443
    },
    "average": 70.34298555417125
}