{
    "benchmarks": {
        "cot": 0.43486082589253106,
        "human-eval-plus": 0.24186991869918698,
        "mt-bench": 6.534375
    }
}