{
    "tasks": {
        "arc_challenge": 52.389078498293514,
        "arc_easy": 73.52693602693603,
        "boolq": 86.11620795107034,
        "hellaswag": 80.282812188807,
        "openbookqa": 47.0,
        "piqa": 80.14145810663766,
        "winogrande": 74.19100236779795
    },
    "average": 70.52107073422036
}