{
    "benchmarks": {
        "cot": 0.3782189226834779,
        "human-eval-plus": 0.2947154471544715,
        "lm-evaluation-harness": 71.90823468079928,
        "mt-bench": 6.559374999999999
    },
    "total": 58.649940252405656
}