{
    "benchmarks": {
        "cot": 0.3534813404378712,
        "human-eval-plus": 0.2398373983739837,
        "lm-evaluation-harness": 69.86193844743786
    }
}